{"oNgMw9nhmLo6VkGaaZ4gjQ==":"background2.jpg","ZkjC4fL6EGb9WgbMMYt0bg==":"07.png","VReEfpGR+FIaXY3OA4gjmw==":"08.png","1c8/4x8dUP9pmsMIg6JR3g==":"02.jpg","yU6MVzpqN219NfV/Y+IFXA==":"01.jpg","WNoaiLkquiqEOJ3CpkJ/+w==":"03.jpg","bC00oBOQr+tC+q2WS7bnig==":"bone.png","mwl/FItfstKy/6PSe8XTzQ==":"background1.jpg","pGFXFCiYE6RE9K0PqbTwzw==":"face1.png","e7iVoAWj4H94P5a24FTPjA==":"face3.png","Co9ca0dNPZka/zSkQQTlJw==":"face2.png","LVcV88U/Auw+U9jNygDUMw==":"06.png","fDphqkaXzVogovIV4O5BTQ==":"face1.jpg","kIRk2SBZAEa30L8GfzLM7Q==":"face2.jpg","2et3gH/h/YN4cPPgrzJvYw==":"face3.jpg","Fpp2MUJBQfDJT7L+PdIuKg==":"01.png","bvpAbIIiVazhTzUWvmvtSw==":"logo2.png","sqBeGWXVFos+jhKxeQSonw==":"background5.jpg","YsA7r1nfxB1m+Qh5qjxjcA==":"3s-1200x900.png","1FqWhxSwPupi+EXZywSYHQ==":"4s-1200x900.png","wxnD3fVAE9oyelrozbNLrQ==":"1s-335x418.png","EOaLKmVch0NdnaZNbveDGA==":"mbr-1-1920x1280.jpg","6WyJfJO1qmgZKyGs9BaXNg==":"happy%20cwaty-min-120x356.png","1ILnFbd7vrkoBm1w9426lg==":"mbr-1920x1221.jpg","xar3r9XbH6DsmJbnBHjZ5w==":"logo4-360x213.png","/XsqTTIa9YoXETUmIv9GIQ==":"logo2-360x213.png","5CS5jMWs5sXMZj2Ag7N6Cg==":"logo5-360x213.png","LROGyvNvy8iGd5jXjxfHKA==":"logo1-360x213.png","c4XusvqnKRozcfIFLJJpHg==":"logo3-360x213.png","WIxiKP7RA/zBXV6wEr7Ahg==":"logo6-360x213.png","EPwbwTlOWbKeYUTS/hL/Pg==":"logo-96x96.png","GnWdGAvKjOOo0gAWa9Ig9Q==":"mbr-1050x920.png","RK6jL6ubIwcCCheJjhgu3w==":"bitmap-1565x1274.png","3c4Vv5E+A+uGBrBhBwD/mw==":"01-232x232.png","JgRsAG+x3DICcjPuJv6SSw==":"02-232x232.png","s+zv0J/SB3A5FTo0dODnKw==":"03-232x232.png","A82YhxQPkJFMaE6nvz49Ig==":"04-232x232.png","JMj0J5qthWq+9d3z27SOsw==":"05-232x232.png","aKJtAI2ZR6SCbWvjze6Umg==":"06-232x232.png","YgI57+RHIXjPUCzillSSkA==":"07-232x232.png","+16srngUtSaZ7NNIjHCqeg==":"08-232x232.png","IghsoHEHoFgCCG5f4O4Y+Q==":"09-232x232.png","lMwmhbMII6DmJVi3SQ4MPA==":"10-232x232.png","846l7b+Mi6AROTkLkBdyVw==":"2-286x289.png","cI2TdMWciICUvfDW/M/TlA==":"1-479x487.png","rS9dQuJOiJqadG4zC/RCBA==":"3-286x286.png","w4XB4v7EEw+0Tay7BYA5yQ==":"6-1397x892.png","X5A/LXaw2lcUN/yiJ/g/RQ==":"7-1272x835.png","YRdDPLWit16qAzjCiVfPAw==":"8-1565x1224.png","ZTZOQAZ20X/al9oNlTmk+Q==":"9-2-2000x1166.png","cCRRPN3nT2RQaAOIScg/Fw==":"slide1-800x600.jpg","b2Z02BE/PfZaV4KL8Qo0KQ==":"_f3c4382-min%20(1)-2000x1333.jpg","tf5zOXugMGqDsoyL6Lf+sg==":"_f3c4502-min-2000x1333.jpg","dvnOFhQSQdOO6W3KFk6SAQ==":"_f3c4939-min-2000x1333.jpg","MgVAeG3ZblDDQa2jklY+rA==":"_f3c4593-min-2000x1333.jpg","XattkQsRtoxJh9hLEqrRgg==":"_f3c4637-min-2000x1333.jpg","sdUZE5T0phdhTN+MbQfpkA==":"_f3c4448-min-2000x1333.jpg","KDh9tWuRhRychGs/mgwdJg==":"_f3c4554-min-2000x1333.jpg","QQ0CeftQybDeQGOipHSh1A==":"_f3c4656-min-2000x1333.jpg","zMLvtwaCUu7CNMqVQ/oE0A==":"01.jpg","JEHZ25bEuuXB6NpeD9zJ7g==":"_f3c4340-min-2000x1333.jpg"}